"Timestamp","TZ","GHI1_AV (W/m2)","UVB22013 (W/m2)","UVB22013_AV (W/m2)","UVB22013_SD (W/m2)","UVB22012 (W/m2)","UVB22012_AV (W/m2)","UVB22012_SD (W/m2)","TA_AV (degC)","TL (degC)","GTI_AV (W/m2)"
2026/05/19 15:16:00.267,n,371.67168,4.229343,4.50815,0.562394,OverRange,OverRange,OverRange,13.961122,18.22262,663.91308
2026/05/19 15:17:00.272,n,366.45212,4.461597,4.723835,0.689822,OverRange,OverRange,OverRange,13.91569,18.22585,654.97436
2026/05/19 15:18:00.271,n,364.60744,5.688167,4.910103,0.871677,OverRange,OverRange,OverRange,14.160066,18.230122,652.77996
2026/05/19 15:19:00.259,n,361.2744,5.392646,5.229548,0.592943,OverRange,OverRange,OverRange,14.053004,18.237496,648.39508
2026/05/19 15:20:00.260,n,360.17152,3.713829,4.849809,0.913278,OverRange,OverRange,OverRange,13.972016,18.237496,648.01728
2026/05/19 15:21:00.261,n,357.52024,4.328125,5.006713,0.731346,OverRange,OverRange,OverRange,13.95104,18.238572,644.76496
2026/05/19 15:22:00.264,n,354.56836,4.848074,5.265321,0.601327,OverRange,OverRange,OverRange,14.017452,18.23645,639.93648
2026/05/19 15:23:00.265,n,353.64464,4.178692,4.868016,0.714487,OverRange,OverRange,OverRange,13.827016,18.233286,640.14264
2026/05/19 15:24:00.267,n,350.78904,4.199821,5.053681,0.917872,OverRange,OverRange,OverRange,13.878566,18.22585,635.68028
2026/05/19 15:25:00.271,n,347.91164,5.898305,5.023466,0.810633,OverRange,OverRange,OverRange,13.93691,18.221936,631.67192
2026/05/19 15:26:00.270,n,345.15648,5.274257,4.485783,0.527053,OverRange,OverRange,OverRange,13.874762,18.21554,628.09468
2026/05/19 15:27:00.274,n,343.38376,5.694375,4.898434,0.680367,OverRange,OverRange,OverRange,13.672114,18.217662,626.25212
2026/05/19 15:28:00.259,n,341.4618,3.982584,4.637364,0.704634,OverRange,OverRange,OverRange,13.550278,18.204908,624.24092
2026/05/19 15:29:00.260,n,339.04912,4.604886,4.908924,0.676088,OverRange,OverRange,OverRange,13.52475,18.19532,619.73028
2026/05/19 15:30:00.265,n,335.30038,5.600699,4.902509,0.795551,OverRange,OverRange,OverRange,13.58012,18.1794,613.22296
2026/05/19 15:31:00.265,n,334.53674,5.960719,4.967282,0.991954,OverRange,OverRange,OverRange,13.560394,18.162406,613.32428
2026/05/19 15:32:00.266,n,330.48118,4.321271,4.718497,0.787547,OverRange,OverRange,OverRange,13.663788,18.142184,607.54876
2026/05/19 15:33:00.268,n,328.88456,5.596832,5.386225,0.644969,OverRange,OverRange,OverRange,13.686788,18.135792,605.77056
2026/05/19 15:34:00.270,n,326.79788,6.002539,4.504562,0.762079,OverRange,OverRange,OverRange,13.843944,18.11883,602.80644
2026/05/19 15:35:00.273,n,322.177,4.268009,4.868003,0.772259,OverRange,OverRange,OverRange,13.725942,18.115602,595.74004
2026/05/19 15:36:00.275,n,319.61404,5.044102,4.903943,0.694742,OverRange,OverRange,OverRange,13.665568,18.107152,592.239
2026/05/19 15:37:00.262,n,317.97678,5.434636,4.852424,0.7183,OverRange,OverRange,OverRange,13.758546,18.101772,589.84552
2026/05/19 15:38:00.262,n,317.85108,5.752739,4.781955,0.907778,OverRange,OverRange,OverRange,13.664776,18.090096,591.1496
2026/05/19 15:39:00.264,n,313.59686,4.520361,4.68036,0.717992,OverRange,OverRange,OverRange,13.688054,18.084778,584.39644
2026/05/19 15:40:00.266,n,309.8189,5.690114,5.126487,0.758589,OverRange,OverRange,OverRange,13.729508,18.079494,578.42876
2026/05/19 15:41:00.269,n,307.24598,4.256192,4.840302,0.792291,OverRange,OverRange,OverRange,13.653158,18.082658,574.99568
2026/05/19 15:42:00.269,n,304.84954,4.434682,4.983101,0.619633,OverRange,OverRange,OverRange,13.61727,18.075218,571.62624
2026/05/19 15:43:00.376,n,300.46704,5.658742,5.118993,0.771367,OverRange,OverRange,OverRange,13.793182,18.078416,564.9068
2026/05/19 15:44:00.320,n,298.64994,3.737405,4.605984,0.857687,OverRange,OverRange,OverRange,13.900528,18.074176,563.03432
2026/05/19 15:45:00.326,n,296.0653,4.141638,4.745246,0.688281,OverRange,OverRange,OverRange,13.944214,18.084778,559.73576
2026/05/19 15:46:00.321,n,294.29554,4.208523,4.841393,0.657154,OverRange,OverRange,OverRange,13.915172,18.090096,557.97728
2026/05/19 15:47:00.338,n,291.15854,4.110086,5.103342,0.788921,OverRange,OverRange,OverRange,13.854814,18.095378,553.09028
2026/05/19 15:48:00.319,n,289.42484,5.66872,5.078561,0.877885,OverRange,OverRange,OverRange,13.899266,18.101772,551.03156
2026/05/19 15:49:00.268,n,286.27146,4.537752,4.846155,0.647225,OverRange,OverRange,OverRange,13.885102,18.113512,547.25648
2026/05/19 15:50:00.270,n,281.5134,3.982346,4.705357,0.85379,OverRange,OverRange,OverRange,13.791912,18.11883,539.252
2026/05/19 15:51:00.441,n,279.05582,4.100633,4.16945,0.168146,OverRange,OverRange,OverRange,13.995214,18.119874,535.6856
2026/05/19 15:52:00.444,n,276.82452,5.82555,4.428317,0.73025,OverRange,OverRange,OverRange,14.053288,18.121994,533.50188
2026/05/19 15:53:00.447,n,274.18844,5.485416,5.58994,0.137075,OverRange,OverRange,OverRange,13.774206,18.125188,530.42528
2026/05/19 15:54:00.279,n,272.4606,4.420461,5.070971,0.614437,OverRange,OverRange,OverRange,13.833842,18.129462,527.53072
2026/05/19 15:55:00.264,n,271.05264,4.36798,5.381092,0.51942,OverRange,OverRange,OverRange,13.950024,18.123038,526.44196
2026/05/19 15:56:00.267,n,266.49796,4.176104,4.357797,0.211082,OverRange,OverRange,OverRange,13.943944,18.119874,518.47344
2026/05/19 15:57:00.268,n,262.7725,4.766387,4.597008,0.312649,OverRange,OverRange,OverRange,13.66859,18.123038,512.97216
2026/05/19 15:58:00.271,n,259.94742,5.608278,5.389103,0.319182,OverRange,OverRange,OverRange,13.782818,18.11883,508.82224
2026/05/19 15:59:00.272,n,256.81714,4.261235,5.153331,0.818118,OverRange,OverRange,OverRange,13.81868,18.116678,503.68188
2026/05/19 16:00:00.275,n,255.7638,5.450502,5.524546,0.163914,OverRange,OverRange,OverRange,13.628154,18.105,503.50132
2026/05/19 16:01:00.277,n,253.68658,4.349807,5.334835,0.831169,OverRange,OverRange,OverRange,13.71812,18.092248,500.58556
2026/05/19 16:02:00.281,n,250.78492,4.571113,4.282319,0.276754,OverRange,OverRange,OverRange,13.794678,18.085824,496.43832
2026/05/19 16:03:00.280,n,246.49392,5.657874,4.697624,0.768746,OverRange,OverRange,OverRange,13.789372,18.084778,489.3026
2026/05/19 16:04:00.270,n,244.45058,5.551774,5.305805,0.703537,OverRange,OverRange,OverRange,13.668834,18.074176,487.06712
2026/05/19 16:05:00.268,n,241.02288,5.6757,4.938362,0.83996,OverRange,OverRange,OverRange,13.508302,18.06038,482.01724
2026/05/19 16:06:00.272,n,238.19834,5.588841,4.928595,0.821471,OverRange,OverRange,OverRange,13.449142,18.053956,478.1746
2026/05/19 16:07:00.273,n,235.57446,5.171833,4.878257,0.72334,OverRange,OverRange,OverRange,13.599346,18.032688,473.94432
2026/05/19 16:08:00.276,n,234.40844,4.206662,5.029242,0.784258,OverRange,OverRange,OverRange,13.598074,18.02313,472.96668
2026/05/19 16:09:00.280,n,232.17192,4.698275,5.478277,0.44052,OverRange,OverRange,OverRange,13.547486,18.016708,470.64476
2026/05/19 16:10:00.279,n,227.91514,4.420097,4.70312,0.508941,OverRange,OverRange,OverRange,13.397278,17.999714,463.12868
2026/05/19 16:11:00.280,n,225.38814,4.302501,4.883206,0.702419,OverRange,OverRange,OverRange,13.416256,17.98908,459.88936
2026/05/19 16:12:00.284,n,221.76902,4.130685,4.314908,0.12264,OverRange,OverRange,OverRange,13.454692,17.975252,453.94568
2026/05/19 16:13:00.269,n,219.10998,5.752708,4.772715,0.82024,OverRange,OverRange,OverRange,13.345418,17.958226,450.474
2026/05/19 16:14:00.274,n,216.91448,4.962613,4.632668,0.559827,OverRange,OverRange,OverRange,13.347958,17.941234,447.34084
2026/05/19 16:15:00.271,n,214.1269,6.062866,5.140911,0.810353,OverRange,OverRange,OverRange,13.40739,17.91886,443.50272
2026/05/19 16:16:00.278,n,210.97302,5.709201,5.672211,0.041744,OverRange,OverRange,OverRange,13.456472,17.910346,437.90884
2026/05/19 16:17:00.276,n,208.61022,5.888222,4.887532,0.849216,OverRange,OverRange,OverRange,13.472656,17.905062,434.9106
2026/05/19 16:18:00.278,n,205.04396,4.098472,4.394991,0.336171,OverRange,OverRange,OverRange,13.503758,17.896486,429.65172
2026/05/19 16:19:00.280,n,202.0774,5.267604,4.976688,0.621025,OverRange,OverRange,OverRange,13.370448,17.88908,425.60368
2026/05/19 16:20:00.282,n,199.32044,5.328372,5.136644,0.552237,OverRange,OverRange,OverRange,13.3434,17.88057,421.73256
2026/05/19 16:21:00.284,n,197.38554,5.244347,5.459864,0.54635,OverRange,OverRange,OverRange,13.267986,17.874144,419.41936
2026/05/19 16:22:00.269,n,193.11994,6.038618,5.462993,0.558129,OverRange,OverRange,OverRange,13.263428,17.86889,412.91736
2026/05/19 16:23:00.272,n,189.85724,5.535701,5.394759,0.544125,OverRange,OverRange,OverRange,13.208004,17.858196,407.52028
2026/05/19 16:24:00.259,n,187.74642,4.128622,4.617099,0.722819,OverRange,OverRange,OverRange,13.386384,17.845442,404.66476
2026/05/19 16:25:00.260,n,183.73406,4.206427,5.027026,0.790683,OverRange,OverRange,OverRange,13.378556,17.837972,397.93828
2026/05/19 16:26:00.265,n,182.00152,5.647101,4.745454,0.759351,OverRange,OverRange,OverRange,13.316326,17.82199,396.3828
2026/05/19 16:27:00.265,n,179.02002,4.597722,4.788089,0.5133,OverRange,OverRange,OverRange,13.36086,17.808196,391.26512
2026/05/19 16:28:00.266,n,176.72268,6.083008,5.271762,0.6739,OverRange,OverRange,OverRange,13.342896,17.794366,388.03836
2026/05/19 16:29:00.268,n,173.26868,5.376072,5.57603,0.129485,OverRange,OverRange,OverRange,13.256862,17.808688,383.0656
2026/05/19 16:30:00.271,n,170.2934,5.43606,4.906803,0.601261,OverRange,OverRange,OverRange,13.215252,17.787418,377.06804
2026/05/19 16:31:00.275,n,167.52528,4.515229,4.777272,0.572867,OverRange,OverRange,OverRange,13.308422,17.773562,372.84104
2026/05/19 16:32:00.257,n,164.4716,4.250021,5.173753,0.743978,OverRange,OverRange,OverRange,13.49969,17.765048,368.02808
2026/05/19 16:33:00.260,n,161.12102,4.694256,4.905244,0.425498,OverRange,OverRange,OverRange,13.411912,17.750144,363.87068
2026/05/19 16:34:00.263,n,157.97868,4.315154,4.178531,0.233478,OverRange,OverRange,OverRange,13.486272,17.740556,358.5322
2026/05/19 16:35:00.266,n,153.96246,5.943492,4.923577,0.773503,OverRange,OverRange,OverRange,13.541428,17.73201,351.99752
2026/05/19 16:36:00.268,n,151.67152,5.286525,4.872772,0.737541,OverRange,OverRange,OverRange,13.551788,17.722422,349.2988
2026/05/19 16:37:00.268,n,148.3788,5.546376,5.086658,0.774006,OverRange,OverRange,OverRange,13.498414,17.712866,344.34592
2026/05/19 16:38:00.269,n,145.68488,5.94191,5.324762,0.568302,OverRange,OverRange,OverRange,13.42355,17.707582,340.30348
2026/05/19 16:39:00.274,n,142.32146,5.959848,5.737966,0.137031,OverRange,OverRange,OverRange,13.490326,17.696884,334.0235
2026/05/19 16:40:00.259,n,139.54772,4.424297,5.185879,0.718916,OverRange,OverRange,OverRange,13.50676,17.687296,329.86976
2026/05/19 16:41:00.260,n,136.73458,5.595606,5.083179,0.613901,OverRange,OverRange,OverRange,13.620794,17.679862,325.9056
2026/05/19 16:42:00.263,n,134.166,4.163337,4.810082,0.722183,OverRange,OverRange,OverRange,13.665558,17.673436,322.53736
2026/05/19 16:43:00.262,n,130.49812,4.619228,4.835547,0.62438,OverRange,OverRange,OverRange,13.616278,17.669198,316.29202
2026/05/19 16:44:00.265,n,127.50194,5.41681,5.720584,0.232446,OverRange,OverRange,OverRange,13.515376,17.666032,310.0195
2026/05/19 16:45:00.269,n,124.5351,5.447799,5.46012,0.474695,OverRange,OverRange,OverRange,13.541402,17.654294,304.92788
2026/05/19 16:46:00.268,n,121.56582,4.425617,5.191635,0.538595,OverRange,OverRange,OverRange,13.597296,17.648942,298.9132
2026/05/19 16:47:00.271,n,119.7501,4.355385,4.695496,0.434399,OverRange,OverRange,OverRange,13.661774,17.63828,297.15628
2026/05/19 16:48:00.272,n,116.64844,5.464088,4.691456,0.548087,OverRange,OverRange,OverRange,13.696148,17.634072,292.6509
2026/05/19 16:49:00.261,n,113.57806,5.5172,4.769532,0.619446,OverRange,OverRange,OverRange,13.59427,17.623374,286.7074
2026/05/19 16:50:00.260,n,110.64036,4.533387,4.617458,0.720789,OverRange,OverRange,OverRange,13.434174,17.619168,281.00626
2026/05/19 16:51:00.265,n,108.70252,5.520062,5.309843,0.415919,OverRange,OverRange,OverRange,13.45137,17.609516,277.92746
2026/05/19 16:52:00.266,n,106.25632,5.505646,5.450586,0.115786,OverRange,OverRange,OverRange,13.546464,17.60208,272.88864
2026/05/19 16:53:00.269,n,103.8603,5.688218,5.472206,0.635726,OverRange,OverRange,OverRange,13.33168,17.596764,269.05918
2026/05/19 16:54:00.270,n,101.36188,4.083267,5.274727,0.590547,OverRange,OverRange,OverRange,13.31928,17.588218,263.86582
2026/05/19 16:55:00.272,n,98.647424,5.53508,5.356188,0.49886,OverRange,OverRange,OverRange,13.40001,17.579706,257.9686
2026/05/19 16:56:00.273,n,96.168248,5.961104,5.560233,0.204667,OverRange,OverRange,OverRange,13.310696,17.569074,253.00602
2026/05/19 16:57:00.278,n,93.748256,5.600412,5.186753,0.593082,OverRange,OverRange,OverRange,13.250198,17.564772,247.6524
2026/05/19 16:58:00.260,n,91.426768,4.375501,4.726416,0.670454,OverRange,OverRange,OverRange,13.236012,17.547748,242.94396
2026/05/19 16:59:00.263,n,89.293,5.620362,5.613601,0.084704,OverRange,OverRange,OverRange,13.33044,17.531766,238.9702
2026/05/19 17:00:00.265,n,86.606496,4.834957,4.67845,0.537254,OverRange,OverRange,OverRange,13.340806,17.521102,232.89714
2026/05/19 17:01:00.268,n,84.354056,5.495866,5.376801,0.31384,OverRange,OverRange,OverRange,13.180334,17.513604,229.05918
2026/05/19 17:02:00.271,n,81.814328,4.396302,4.887424,0.914184,OverRange,OverRange,OverRange,13.127412,17.4987,222.14622
2026/05/19 17:03:00.272,n,79.752536,4.120281,4.808094,0.654723,OverRange,OverRange,OverRange,13.13145,17.479492,217.46598
2026/05/19 17:04:00.273,n,77.34228,5.031978,5.116892,0.397394,OverRange,OverRange,OverRange,13.15298,17.465632,211.5279
2026/05/19 17:05:00.275,n,75.226072,5.673641,5.354157,0.277096,OverRange,OverRange,OverRange,13.17603,17.444304,207.00276
2026/05/19 17:06:00.276,n,72.760384,4.69198,4.752257,0.700401,OverRange,OverRange,OverRange,13.112458,17.420886,201.95758
2026/05/19 17:07:00.265,n,70.777752,4.319084,4.507265,0.49944,OverRange,OverRange,OverRange,13.003282,17.400604,197.21462
2026/05/19 17:08:00.266,n,68.465768,5.336992,4.99872,0.525422,OverRange,OverRange,OverRange,13.019506,17.375006,191.84554
2026/05/19 17:09:00.268,n,65.980964,5.854978,5.157188,0.636023,OverRange,OverRange,OverRange,12.973068,17.349376,186.2863
2026/05/19 17:10:00.268,n,63.750064,5.7926,4.963198,0.905489,OverRange,OverRange,OverRange,12.952332,17.31422,180.51698
2026/05/19 17:11:00.270,n,61.91536,5.151777,4.859778,0.545103,OverRange,OverRange,OverRange,12.902466,17.28859,176.38826
2026/05/19 17:12:00.273,n,59.7141,5.360848,4.838112,0.65808,OverRange,OverRange,OverRange,12.904984,17.251252,171.65528
2026/05/19 17:13:00.274,n,57.32616,4.581824,5.328036,0.459306,OverRange,OverRange,OverRange,12.92891,17.2566,165.46816
2026/05/19 17:14:00.277,n,55.369828,5.485434,5.009572,0.776678,OverRange,OverRange,OverRange,13.014054,17.218186,160.18636
2026/05/19 17:15:00.279,n,53.054384,4.35034,4.825674,0.647566,OverRange,OverRange,OverRange,12.983998,17.188314,155.01576
2026/05/19 17:16:00.264,n,51.010164,4.92632,5.225239,0.741531,OverRange,OverRange,OverRange,12.959824,17.157338,150.33578
2026/05/19 17:17:00.268,n,48.662384,5.163609,4.841975,0.482484,OverRange,OverRange,OverRange,12.96108,17.132786,145.03292
2026/05/19 17:18:00.269,n,46.493452,5.013796,5.362309,0.700688,OverRange,OverRange,OverRange,12.913972,17.101806,139.71266
2026/05/19 17:19:00.270,n,44.38432,4.20769,4.384905,0.143881,OverRange,OverRange,OverRange,12.897588,17.067634,134.33472
2026/05/19 17:20:00.273,n,42.282872,4.004013,4.63066,0.802272,OverRange,OverRange,OverRange,12.822516,17.04093,129.72
2026/05/19 17:21:00.274,n,40.28484,4.245324,4.18553,0.034654,OverRange,OverRange,OverRange,12.81217,17.01419,124.67576
2026/05/19 17:22:00.276,n,38.023152,3.895951,4.832769,0.744823,OverRange,OverRange,OverRange,12.800584,16.971508,119.2921
2026/05/19 17:23:00.278,n,36.01986,3.960247,4.748385,0.832204,OverRange,OverRange,OverRange,12.746136,16.942652,107.85298
2026/05/19 17:24:00.281,n,34.073276,5.450392,5.034349,0.640108,OverRange,OverRange,OverRange,12.712342,16.903068,78.840488
2026/05/19 17:25:00.267,n,32.184818,4.681354,4.984852,0.608583,OverRange,OverRange,OverRange,12.656372,16.866712,58.077104
2026/05/19 17:26:00.271,n,30.526782,5.116814,4.636154,0.518855,OverRange,OverRange,OverRange,12.62637,16.854192,67.151784
2026/05/19 17:27:00.271,n,28.67848,4.552407,4.870088,0.656248,OverRange,OverRange,OverRange,12.620072,16.807112,86.631592
2026/05/19 17:28:00.273,n,26.806054,5.605616,5.116662,0.942064,OverRange,OverRange,OverRange,12.639486,16.76541,88.104832
2026/05/19 17:29:00.275,n,24.813154,5.040109,5.183718,0.508524,OverRange,OverRange,OverRange,12.611502,16.726934,83.346864
2026/05/19 17:30:00.278,n,22.862852,4.850725,5.145767,0.806345,OverRange,OverRange,OverRange,12.549704,16.691626,78.382728
2026/05/19 17:31:00.461,n,21.100894,4.20396,4.069588,0.136964,OverRange,OverRange,OverRange,12.525,16.660618,73.504192
2026/05/19 17:32:00.280,n,19.13083,5.819095,5.027987,0.75058,OverRange,OverRange,OverRange,12.498506,16.61778,68.678112
2026/05/19 17:33:00.474,n,17.454836,5.430336,5.056177,0.646894,OverRange,OverRange,OverRange,12.470754,16.583544,63.894016
2026/05/19 17:34:00.439,n,15.780892,4.166281,4.836354,0.705114,OverRange,OverRange,OverRange,12.436428,16.546082,58.77248
2026/05/19 17:35:00.394,n,14.173538,5.443923,5.375981,0.542586,OverRange,OverRange,OverRange,12.408682,16.506408,53.662372
2026/05/19 17:36:00.378,n,12.582864,3.916826,5.033623,0.607615,OverRange,OverRange,OverRange,12.394532,16.465752,48.585368
2026/05/19 17:37:00.452,n,11.0267,6.003458,4.535808,0.725576,OverRange,OverRange,OverRange,12.357194,16.43152,43.272024
2026/05/19 17:38:00.276,n,9.539692,3.97411,4.668071,0.648157,OverRange,OverRange,OverRange,12.330954,16.384314,37.525408
2026/05/19 17:39:00.281,n,7.949786,4.336469,4.558292,0.508929,OverRange,OverRange,OverRange,12.321858,16.340402,31.366522
2026/05/19 17:40:00.282,n,6.446483,5.396655,4.571455,0.660272,OverRange,OverRange,OverRange,12.28146,16.298608,24.731964
2026/05/19 17:41:00.285,n,5.269578,5.56795,5.473162,0.49614,OverRange,OverRange,OverRange,12.219106,16.247162,20.1901
2026/05/19 17:42:00.286,n,4.160288,4.518845,4.91314,0.540188,OverRange,OverRange,OverRange,12.206986,16.200006,13.259048
2026/05/19 17:43:00.271,n,2.749747,5.350187,4.867235,0.717116,OverRange,OverRange,OverRange,12.171112,16.17952,6.698038
2026/05/19 17:44:00.272,n,2.562684,4.566707,4.759824,0.658824,OverRange,OverRange,OverRange,12.18306,16.116244,5.278108
2026/05/19 17:45:00.257,n,1.931828,5.484593,5.181469,0.63183,OverRange,OverRange,OverRange,12.150498,16.0658,4.192555
2026/05/19 17:46:00.261,n,1.347289,4.72812,4.762157,0.618311,OverRange,OverRange,OverRange,12.129538,16.010006,3.034735
2026/05/19 17:47:00.261,n,0.739527,4.060627,4.75982,0.578138,OverRange,OverRange,OverRange,12.103246,15.952018,2.226906
2026/05/19 17:48:00.266,n,0.186935,4.502728,5.292479,0.429371,OverRange,OverRange,OverRange,12.078492,15.902634,1.416688
2026/05/19 17:49:00.266,n,-0.108158,4.371896,4.620539,0.615705,OverRange,OverRange,OverRange,12.081768,15.852206,0.781465
2026/05/19 17:50:00.270,n,-0.590698,5.502452,4.91161,0.626843,OverRange,OverRange,OverRange,12.075212,15.79417,0.273969
2026/05/19 17:51:00.270,n,-0.921073,5.719074,5.078215,0.714673,OverRange,OverRange,OverRange,12.04742,15.745848,-0.072012
2026/05/19 17:52:00.272,n,-1.099539,5.520923,5.553324,0.539128,OverRange,OverRange,OverRange,12.015326,15.726682,-0.443419
2026/05/19 17:53:00.257,n,-1.485982,4.22026,5.064535,0.736568,OverRange,OverRange,OverRange,12.008072,15.667,-0.711927
2026/05/19 17:54:00.261,n,-1.81918,5.598841,5.279429,0.78057,OverRange,OverRange,OverRange,12.009328,15.621074,-1.153554
2026/05/19 17:55:00.261,n,-2.132363,4.78575,4.862846,0.746214,OverRange,OverRange,OverRange,11.984798,15.578312,-1.450987
2026/05/19 17:56:00.263,n,-2.527145,4.365074,4.77722,0.668177,OverRange,OverRange,OverRange,11.947392,15.52494,-1.803282
2026/05/19 17:57:00.265,n,-2.913715,4.097849,4.822635,0.75876,OverRange,OverRange,OverRange,11.963328,15.47576,-2.161464
2026/05/19 17:58:00.267,n,-3.045224,5.538112,5.39765,0.665795,OverRange,OverRange,OverRange,11.962312,15.435148,-2.558382
2026/05/19 17:59:00.269,n,-3.31132,5.619345,4.865934,0.843618,OverRange,OverRange,OverRange,11.945394,15.394506,-2.704454
2026/05/19 18:00:00.273,n,-3.618858,4.874845,4.693921,0.657623,OverRange,OverRange,OverRange,11.930446,15.350702,-2.850269
2026/05/19 18:01:00.257,n,-3.671589,5.541989,4.82314,0.774902,OverRange,OverRange,OverRange,11.92895,15.313238,-2.986613
2026/05/19 18:02:00.260,n,-3.656707,5.517954,5.03303,0.74732,OverRange,OverRange,OverRange,11.939316,15.270478,-3.405204
2026/05/19 18:03:00.262,n,-3.759347,5.641011,4.750439,0.652236,OverRange,OverRange,OverRange,11.953472,15.235168,-3.442148
2026/05/19 18:04:00.263,n,-4.013897,5.444261,4.679354,0.643723,OverRange,OverRange,OverRange,11.914022,15.24105,-3.646665
2026/05/19 18:05:00.265,n,-3.659658,5.592155,5.111153,0.655999,OverRange,OverRange,OverRange,11.9478,15.204662,-3.340871
2026/05/19 18:06:00.266,n,-3.855701,4.549865,5.002714,0.612482,OverRange,OverRange,OverRange,11.92303,15.1672,-3.695213
2026/05/19 18:07:00.269,n,-4.069323,4.988476,4.327457,0.352851,OverRange,OverRange,OverRange,11.880804,15.136128,-3.802548
2026/05/19 18:08:00.271,n,-4.362106,4.000499,4.383734,0.51465,OverRange,OverRange,OverRange,11.90888,15.113656,-4.199893
2026/05/19 18:09:00.272,n,-4.274476,4.562027,5.060469,0.372391,OverRange,OverRange,OverRange,11.957684,15.082632,-4.190167
2026/05/19 18:10:00.259,n,-4.37686,4.366088,4.932793,0.654133,OverRange,OverRange,OverRange,11.937948,15.061188,-4.328389
2026/05/19 18:11:00.260,n,-4.435494,4.539562,4.719513,0.670536,OverRange,OverRange,OverRange,11.895218,15.029088,-4.275915
2026/05/19 18:12:00.262,n,-4.678367,5.501511,5.163292,0.546833,OverRange,OverRange,OverRange,11.868928,15.008736,-4.386663
2026/05/19 18:13:00.264,n,-4.672851,5.61212,5.600144,0.27083,OverRange,OverRange,OverRange,11.857036,14.980874,-4.462685
2026/05/19 18:14:00.267,n,-4.608187,4.631023,5.239667,0.524652,OverRange,OverRange,OverRange,11.842866,14.945532,-4.585634
2026/05/19 18:15:00.268,n,-4.880185,4.027406,4.59932,0.680118,OverRange,OverRange,OverRange,11.826692,14.916596,-4.669335
2026/05/19 18:16:00.275,n,-4.950751,4.353628,4.875637,0.739531,OverRange,OverRange,OverRange,11.798874,14.893034,-4.749026
2026/05/19 18:17:00.274,n,-4.962426,4.375201,4.597807,0.419243,OverRange,OverRange,OverRange,11.835038,14.86087,-4.83085
2026/05/19 18:18:00.276,n,-4.892117,4.864555,4.820777,0.612106,OverRange,OverRange,OverRange,11.845674,14.828756,-4.827096
2026/05/19 18:19:00.260,n,-4.889166,5.471271,5.198584,0.725783,OverRange,OverRange,OverRange,11.817826,14.798728,-4.768736
2026/05/19 18:20:00.262,n,-4.857219,5.604608,5.373913,0.641273,OverRange,OverRange,OverRange,11.851986,14.782662,-4.834945
2026/05/19 18:21:00.265,n,-4.842208,5.664284,5.650532,0.041634,OverRange,OverRange,OverRange,11.856792,14.77147,-5.018132
2026/05/19 18:22:00.267,n,-4.158235,5.235343,5.065049,0.72689,OverRange,OverRange,OverRange,11.910778,14.745696,-4.567034
2026/05/19 18:23:00.273,n,-4.269344,4.259448,4.313399,0.29164,OverRange,OverRange,OverRange,11.91154,14.723208,-4.424632
2026/05/19 18:24:00.270,n,-4.325155,5.43247,4.8031,0.723703,OverRange,OverRange,OverRange,11.927968,14.708188,-4.57659
2026/05/19 18:25:00.272,n,-4.348377,5.014135,4.548445,0.379059,OverRange,OverRange,OverRange,11.92394,14.678178,-4.600054
2026/05/19 18:26:00.276,n,-4.380709,5.897041,5.044107,0.71712,OverRange,OverRange,OverRange,11.924418,14.657796,-4.485039
2026/05/19 18:27:00.276,n,-4.275374,5.667254,5.708649,0.171564,OverRange,OverRange,OverRange,11.957316,14.634204,-4.576761
2026/05/19 18:28:00.261,n,-4.310656,4.439657,5.225193,0.614742,OverRange,OverRange,OverRange,11.934794,14.617032,-4.463624
2026/05/19 18:29:00.264,n,-4.307706,5.947154,5.844386,0.296422,OverRange,OverRange,OverRange,11.927714,14.594516,-4.570788
2026/05/19 18:30:00.267,n,-4.322204,4.295154,4.540001,0.160888,OverRange,OverRange,OverRange,11.9295,14.57842,-4.547325
2026/05/19 18:31:00.269,n,-4.553402,5.158083,5.266299,0.479741,OverRange,OverRange,OverRange,11.925694,14.55587,-4.492804
2026/05/19 18:32:00.275,n,-4.427796,4.775022,5.109133,0.6115,OverRange,OverRange,OverRange,11.917614,14.535458,-4.563024
2026/05/19 18:33:00.273,n,-4.48335,5.369292,5.407134,0.588297,OverRange,OverRange,OverRange,11.89409,14.51185,-4.500568
2026/05/19 18:34:00.274,n,-4.544806,5.367067,5.000089,0.334422,OverRange,OverRange,OverRange,11.869812,14.494694,-4.496643
2026/05/19 18:35:00.275,n,-4.606134,5.347576,5.285209,0.53342,OverRange,OverRange,OverRange,11.867808,14.481792,-4.570703
2026/05/19 18:36:00.278,n,-4.591764,4.503512,5.05277,0.580793,OverRange,OverRange,OverRange,11.942628,14.45817,-4.882555
2026/05/19 18:37:00.263,n,-4.559433,4.351857,4.803972,0.61146,OverRange,OverRange,OverRange,11.962108,14.442106,-4.693482
2026/05/19 18:38:00.265,n,-4.468595,5.433577,4.718863,0.628775,OverRange,OverRange,OverRange,11.945416,14.425992,-4.637083
2026/05/19 18:39:00.267,n,-4.331057,4.238567,4.125015,0.201681,OverRange,OverRange,OverRange,11.939856,14.412014,-4.566864
2026/05/19 18:40:00.269,n,-4.453841,4.229781,4.243934,0.122497,OverRange,OverRange,OverRange,11.939846,14.398038,-4.613705
2026/05/19 18:41:00.274,n,-4.41009,5.414929,4.587953,0.420449,OverRange,OverRange,OverRange,11.923178,14.393786,-4.490927
2026/05/19 18:42:00.274,n,-4.626662,4.451387,4.91764,0.571016,OverRange,OverRange,OverRange,11.898652,14.38085,-4.693482
2026/05/19 18:43:00.276,n,-4.594331,5.249309,4.521361,0.598158,OverRange,OverRange,OverRange,11.892822,14.368012,-4.627356
2026/05/19 18:44:00.278,n,-4.611908,5.498706,5.503851,0.100049,OverRange,OverRange,OverRange,11.915844,14.364754,-4.660462
2026/05/19 18:45:00.282,n,-4.559432,4.609585,5.540254,0.505189,OverRange,OverRange,OverRange,11.917848,14.35617,-4.781278
2026/05/19 18:46:00.265,n,-4.559304,6.075146,5.752245,0.175477,OverRange,OverRange,OverRange,11.91153,14.3476,-4.594081
2026/05/19 18:47:00.269,n,-4.644368,5.570617,5.226242,0.462811,OverRange,OverRange,OverRange,11.898388,14.34545,-4.66029
2026/05/19 18:48:00.270,n,-4.632564,4.582839,5.304836,0.498591,OverRange,OverRange,OverRange,11.87791,14.333622,-4.884518
2026/05/19 18:49:00.271,n,-4.670669,4.521921,4.867547,0.640353,OverRange,OverRange,OverRange,11.90649,14.326112,-4.786994
2026/05/19 18:50:00.274,n,-4.743801,4.424253,4.789953,0.609337,OverRange,OverRange,OverRange,11.905224,14.322904,-4.85329
2026/05/19 18:51:00.276,n,-4.714805,6.092016,5.295723,0.616445,OverRange,OverRange,OverRange,11.89764,14.308892,-4.732388
2026/05/19 18:52:00.279,n,-4.632307,5.371106,4.921055,0.59611,OverRange,OverRange,OverRange,11.933304,14.301382,-4.935284
2026/05/19 18:53:00.279,n,-4.653092,5.466591,5.273932,0.394307,OverRange,OverRange,OverRange,11.93303,14.293872,-4.874876
2026/05/19 18:54:00.281,n,-4.471546,5.761872,5.789429,0.467841,OverRange,OverRange,OverRange,11.97931,14.320996,-4.868989
2026/05/19 18:55:00.269,n,-4.075481,4.507711,5.413939,0.687092,OverRange,OverRange,OverRange,11.98522,14.310246,-4.648261
2026/05/19 18:56:00.268,n,-4.321434,5.841974,4.981242,0.786756,OverRange,OverRange,OverRange,11.949814,14.29731,-4.509868
2026/05/19 18:57:00.271,n,-4.301162,4.461679,5.343716,0.739318,OverRange,OverRange,OverRange,11.943986,14.290908,-4.422413
2026/05/19 18:58:00.272,n,-4.312838,4.367046,4.902828,0.533603,OverRange,OverRange,OverRange,11.98345,14.27478,-4.726245
2026/05/19 18:59:00.275,n,-4.297955,5.92185,5.567637,0.524931,OverRange,OverRange,OverRange,11.989268,14.270494,-4.541096
2026/05/19 19:00:00.277,n,-4.289359,4.393258,4.376212,0.179675,OverRange,OverRange,OverRange,11.965506,14.263994,-4.400827
2026/05/19 19:01:00.280,n,-4.482452,5.904907,4.800789,0.872585,OverRange,OverRange,OverRange,11.947282,14.25756,-4.367722
2026/05/19 19:02:00.280,n,-4.432671,6.012096,5.321869,0.735963,OverRange,OverRange,OverRange,11.959422,14.245766,-4.620787
2026/05/19 19:03:00.284,n,-4.303728,5.768818,5.149421,0.518976,OverRange,OverRange,OverRange,11.95335,14.233938,-4.589815
2026/05/19 19:04:00.268,n,-4.450248,5.345885,4.741038,0.604634,OverRange,OverRange,OverRange,12.005448,14.22643,-4.601504
2026/05/19 19:05:00.271,n,-4.324513,5.417894,5.027797,0.626731,OverRange,OverRange,OverRange,12.014294,14.225322,-4.621128
2026/05/19 19:06:00.275,n,-4.409448,5.506162,4.981454,0.617548,OverRange,OverRange,OverRange,12.059784,14.213528,-4.695017
2026/05/19 19:07:00.276,n,-4.315789,5.598249,4.963568,0.573086,OverRange,OverRange,OverRange,12.064576,14.213528,-4.433932
2026/05/19 19:08:00.279,n,-4.265752,4.54707,5.023557,0.552311,OverRange,OverRange,OverRange,12.035264,14.208166,-4.474801
2026/05/19 19:09:00.263,n,-4.345042,3.997254,4.803235,0.663794,OverRange,OverRange,OverRange,12.038808,14.194192,-4.482566
2026/05/19 19:10:00.264,n,-4.330287,5.604118,5.092873,0.590811,OverRange,OverRange,OverRange,12.043854,14.19305,-4.492463
2026/05/19 19:11:00.266,n,-4.219178,5.644095,5.355189,0.432321,OverRange,OverRange,OverRange,12.054464,14.190932,-4.539048
2026/05/19 19:12:00.268,n,-4.17825,4.594603,4.965239,0.563949,OverRange,OverRange,OverRange,12.060792,14.186648,-4.525397
2026/05/19 19:13:00.271,n,-4.181201,4.28479,4.356515,0.083943,OverRange,OverRange,OverRange,12.065582,14.178046,-4.408591
2026/05/19 19:14:00.272,n,-4.157466,4.427088,4.829226,0.649688,OverRange,OverRange,OverRange,12.064072,14.17264,-4.398779
2026/05/19 19:15:00.259,n,-4.280634,4.377257,4.871053,0.552811,OverRange,OverRange,OverRange,12.053472,14.17264,-4.461235
2026/05/19 19:16:00.260,n,-4.306679,5.27845,4.802214,0.550773,OverRange,OverRange,OverRange,12.05776,14.167312,-4.398779
2026/05/19 19:17:00.262,n,-4.195571,5.580626,5.08586,0.788906,OverRange,OverRange,OverRange,12.047654,14.168356,-4.478726
2026/05/19 19:18:00.264,n,-4.268831,4.410342,5.083124,0.792131,OverRange,OverRange,OverRange,12.058778,14.16943,-4.515841
2026/05/19 19:19:00.269,n,-4.289231,5.327073,4.724625,0.72689,OverRange,OverRange,OverRange,12.067352,14.166204,-4.467122
2026/05/19 19:20:00.269,n,-4.175043,4.129433,5.040453,0.630844,OverRange,OverRange,OverRange,12.02617,14.168356,-4.264482
2026/05/19 19:21:00.272,n,-4.470905,5.558371,5.355616,0.204532,OverRange,OverRange,OverRange,12.041072,14.17264,-4.504152
2026/05/19 19:22:00.272,n,-4.321434,5.679289,5.57679,0.189,OverRange,OverRange,OverRange,12.034028,14.180214,-4.379411
2026/05/19 19:23:00.262,n,-4.192748,4.73952,5.442995,0.520837,OverRange,OverRange,OverRange,12.023632,14.184482,-4.283936
2026/05/19 19:24:00.259,n,-4.342091,5.098273,4.923243,0.374805,OverRange,OverRange,OverRange,12.025158,14.187692,-4.422243
2026/05/19 19:25:00.263,n,-4.263057,4.725413,5.270652,0.520977,OverRange,OverRange,OverRange,12.030452,14.185542,-4.385213
2026/05/19 19:26:00.266,n,-4.125518,4.640758,5.049782,0.470339,OverRange,OverRange,OverRange,12.031464,14.189874,-4.480774
2026/05/19 19:27:00.266,n,-4.289359,5.522373,5.169908,0.689302,OverRange,OverRange,OverRange,12.047654,14.18233,-4.480774
2026/05/19 19:28:00.268,n,-4.216227,4.077208,5.024321,0.791532,OverRange,OverRange,OverRange,12.019328,14.18233,-4.359872
2026/05/19 19:29:00.270,n,-4.418173,4.31615,4.247001,0.145242,OverRange,OverRange,OverRange,11.981166,14.18129,-4.153393
2026/05/19 19:30:00.272,n,-4.409192,4.498096,4.454342,0.130594,OverRange,OverRange,OverRange,11.954118,14.175896,-4.390929
2026/05/19 19:31:00.258,n,-4.573289,5.421157,5.06687,0.55724,OverRange,OverRange,OverRange,11.954372,14.17479,-4.427959
2026/05/19 19:32:00.261,n,-4.377117,4.537997,5.194964,0.471185,OverRange,OverRange,OverRange,11.938432,14.165144,-4.513964
2026/05/19 19:33:00.264,n,-4.491305,5.460926,5.288559,0.343754,OverRange,OverRange,OverRange,11.951086,14.16943,-4.4905
2026/05/19 19:34:00.264,n,-4.53544,5.608693,5.192407,0.703854,OverRange,OverRange,OverRange,11.936666,14.156528,-4.628893
2026/05/19 19:35:00.265,n,-4.435879,5.724048,5.171158,0.66683,OverRange,OverRange,OverRange,11.964478,14.15221,-4.535209
2026/05/19 19:36:00.267,n,-4.236499,4.560783,4.891905,0.483735,OverRange,OverRange,OverRange,12.008734,14.14255,-4.636572
2026/05/19 19:37:00.269,n,-4.227774,6.072501,5.232628,0.670468,OverRange,OverRange,OverRange,12.008214,14.138234,-4.397073
2026/05/19 19:38:00.272,n,-4.227774,4.320647,4.291549,0.245979,OverRange,OverRange,OverRange,11.997102,14.127514,-4.244943
2026/05/19 19:39:00.275,n,-4.295261,4.848388,5.074548,0.55077,OverRange,OverRange,OverRange,11.983704,14.12644,-4.322842
2026/05/19 19:40:00.258,n,-4.403418,5.043165,5.045824,0.626809,OverRange,OverRange,OverRange,11.988252,14.119972,-4.546983
2026/05/19 19:41:00.261,n,-4.251126,5.462816,4.804058,0.526287,OverRange,OverRange,OverRange,11.978892,14.123214,-4.463282
2026/05/19 19:42:00.264,n,-4.38289,5.531332,5.350093,0.382306,OverRange,OverRange,OverRange,11.977382,14.111356,-4.441696
2026/05/19 19:43:00.267,n,-4.24548,4.315973,5.350945,0.721849,OverRange,OverRange,OverRange,11.959942,14.107072,-4.396987
2026/05/19 19:44:00.269,n,-4.341963,4.331565,4.832907,0.639579,OverRange,OverRange,OverRange,12.009472,14.09741,-4.58973
2026/05/19 19:45:00.268,n,-4.301034,5.527659,5.506592,0.066222,OverRange,OverRange,OverRange,12.027928,14.099528,-4.3074
2026/05/19 19:46:00.271,n,-4.306936,5.493649,5.060228,0.484876,OverRange,OverRange,OverRange,11.991796,14.09417,-4.324805
2026/05/19 19:47:00.274,n,-4.221873,4.693535,5.244859,0.656805,OverRange,OverRange,OverRange,11.966264,14.09417,-4.359957
2026/05/19 19:48:00.275,n,-4.359668,4.359144,5.085045,0.707698,OverRange,OverRange,OverRange,11.944264,14.086628,-4.209962
2026/05/19 19:49:00.261,n,-4.517863,5.47311,5.085118,0.472488,OverRange,OverRange,OverRange,11.912634,14.084478,-4.042389
2026/05/19 19:50:00.264,n,-4.456279,4.566573,4.883213,0.536941,OverRange,OverRange,OverRange,11.906586,14.075876,-4.079418
2026/05/19 19:51:00.267,n,-4.268831,4.049446,4.985744,0.776698,OverRange,OverRange,OverRange,11.911392,14.071592,-4.075493
2026/05/19 19:52:00.268,n,-4.289359,5.582372,5.112038,0.748126,OverRange,OverRange,OverRange,11.88712,14.068366,-4.061927
2026/05/19 19:53:00.422,n,-4.380068,5.431644,4.95417,0.836859,OverRange,OverRange,OverRange,11.838314,14.064082,-3.995632
2026/05/19 19:54:00.271,n,-4.453328,4.228558,5.222708,0.700355,OverRange,OverRange,OverRange,11.829198,14.051148,-3.937443
2026/05/19 19:55:00.276,n,-4.374166,5.828341,5.321788,0.714536,OverRange,OverRange,OverRange,11.813508,14.053298,-4.032406
2026/05/19 19:56:00.275,n,-4.473856,4.901762,5.165938,0.644349,OverRange,OverRange,OverRange,11.783676,14.051148,-3.939063
2026/05/19 19:57:00.279,n,-4.640647,5.61182,5.028088,0.647423,OverRange,OverRange,OverRange,11.807446,14.04903,-4.030699
2026/05/19 19:58:00.261,n,-4.576112,4.241077,4.760924,0.439227,OverRange,OverRange,OverRange,11.80744,14.047922,-4.061842
2026/05/19 19:59:00.263,n,-4.418045,4.585447,4.989084,0.675964,OverRange,OverRange,OverRange,11.8092,14.050106,-3.979933
2026/05/19 20:00:00.266,n,-4.412143,4.621665,4.894017,0.454611,OverRange,OverRange,OverRange,11.838292,14.047922,-4.06389
2026/05/19 20:01:00.268,n,-4.479758,5.348378,4.61845,0.5684,OverRange,OverRange,OverRange,11.83601,14.050106,-4.116449
2026/05/19 20:02:00.270,n,-4.368264,4.717554,4.948276,0.64505,OverRange,OverRange,OverRange,11.753058,14.052192,-3.773709
2026/05/19 20:03:00.271,n,-4.655402,4.441948,5.111397,0.711678,OverRange,OverRange,OverRange,11.710796,14.04253,-3.841711
2026/05/19 20:04:00.273,n,-4.699153,5.612479,5.186457,0.562351,OverRange,OverRange,OverRange,11.704732,14.03714,-4.030699
2026/05/19 20:05:00.276,n,-4.687606,4.928617,5.08413,0.588367,OverRange,OverRange,OverRange,11.719158,14.036064,-4.393148
2026/05/19 20:06:00.278,n,-4.637696,5.512635,5.047053,0.530186,OverRange,OverRange,OverRange,11.73939,14.023164,-4.244943
2026/05/19 20:07:00.263,n,-4.614217,5.553596,5.033068,0.562771,OverRange,OverRange,OverRange,11.719906,14.018846,-4.030699
2026/05/19 20:08:00.267,n,-4.558663,5.36585,4.950928,0.737135,OverRange,OverRange,OverRange,11.692328,14.009202,-3.941111
2026/05/19 20:09:00.268,n,-4.517863,4.559604,5.079541,0.656638,OverRange,OverRange,OverRange,11.658422,13.995226,-3.980103
2026/05/19 20:10:00.271,n,-4.60267,5.785321,5.204859,0.618642,OverRange,OverRange,OverRange,11.67133,13.987684,-4.186497
2026/05/19 20:11:00.271,n,-4.406498,5.274544,4.870873,0.396075,OverRange,OverRange,OverRange,11.731552,13.983398,-4.202197
2026/05/19 20:12:00.277,n,-4.71365,5.336016,4.732714,0.78604,OverRange,OverRange,OverRange,11.701702,13.976902,-4.091108
2026/05/19 20:13:00.279,n,-4.503237,5.947162,5.395242,0.445672,OverRange,OverRange,OverRange,11.712316,13.96185,-4.322927
2026/05/19 20:14:00.279,n,-4.339268,4.125147,4.89892,0.735073,OverRange,OverRange,OverRange,11.767476,13.96185,-4.209876
2026/05/19 20:15:00.282,n,-4.564564,5.632447,5.028145,0.506543,OverRange,OverRange,OverRange,11.744192,13.957532,-4.06389
2026/05/19 20:16:00.264,n,-4.520557,5.675083,4.97182,0.619406,OverRange,OverRange,OverRange,11.709794,13.942482,-3.976179
2026/05/19 20:17:00.268,n,-4.526459,4.346382,5.12336,0.810224,OverRange,OverRange,OverRange,11.735612,13.94139,-4.141789
2026/05/19 20:18:00.268,n,-4.523508,4.515903,5.366153,0.646052,OverRange,OverRange,OverRange,11.692836,13.93603,-4.083258
2026/05/19 20:19:00.271,n,-4.705182,5.81447,5.059521,0.651354,OverRange,OverRange,OverRange,11.676646,13.925264,-4.22549
2026/05/19 20:20:00.272,n,-4.787167,5.938396,4.951177,0.79822,OverRange,OverRange,OverRange,11.71434,13.925264,-4.3911
2026/05/19 20:21:00.274,n,-4.681447,4.259211,4.891915,0.749823,OverRange,OverRange,OverRange,11.758636,13.920948,-4.279926
2026/05/19 20:22:00.276,n,-4.766639,4.830099,4.994901,0.687316,OverRange,OverRange,OverRange,11.769252,13.906972,-4.18061
2026/05/19 20:23:00.278,n,-4.611651,4.161298,4.549586,0.526555,OverRange,OverRange,OverRange,11.795548,13.908046,-4.328729
2026/05/19 20:24:00.280,n,-4.62307,4.505677,4.888972,0.554335,OverRange,OverRange,OverRange,11.777588,13.899412,-4.570362
2026/05/19 20:25:00.266,n,-4.637953,5.562237,5.025445,0.613905,OverRange,OverRange,OverRange,11.80188,13.897296,-4.449461
2026/05/19 20:26:00.269,n,-4.664126,4.48498,4.833637,0.704863,OverRange,OverRange,OverRange,11.82896,13.89622,-4.424205
2026/05/19 20:27:00.270,n,-4.379939,5.454489,4.996292,0.727184,OverRange,OverRange,OverRange,11.841578,13.889754,-4.496217
2026/05/19 20:28:00.276,n,-4.520685,4.724702,5.13517,0.559265,OverRange,OverRange,OverRange,11.856522,13.88868,-4.463112
2026/05/19 20:29:00.274,n,-4.476806,5.110507,5.113937,0.442245,OverRange,OverRange,OverRange,11.809712,13.895146,-4.315163
2026/05/19 20:30:00.276,n,-4.540957,4.392528,4.904852,0.686594,OverRange,OverRange,OverRange,11.818578,13.895146,-4.467122
2026/05/19 20:31:00.278,n,-4.670028,4.325143,4.878609,0.476703,OverRange,OverRange,OverRange,11.794042,13.892996,-4.644336
2026/05/19 20:32:00.279,n,-4.517735,5.159832,4.824051,0.437305,OverRange,OverRange,OverRange,11.800364,13.899412,-4.387175
2026/05/19 20:33:00.281,n,-4.869023,5.988296,5.174926,0.588308,OverRange,OverRange,OverRange,11.831956,13.900506,-4.578041
2026/05/19 20:34:00.267,n,-4.681575,5.329688,4.686064,0.55552,OverRange,OverRange,OverRange,11.881282,13.911272,-4.59357
2026/05/19 20:35:00.269,n,-4.529538,5.921119,5.65392,0.50796,OverRange,OverRange,OverRange,11.8694,13.918764,-4.391015
2026/05/19 20:36:00.270,n,-4.511833,5.654642,4.991246,0.479757,OverRange,OverRange,OverRange,11.889628,13.922022,-4.545021
2026/05/19 20:37:00.273,n,-4.584965,4.784189,4.600898,0.132098,OverRange,OverRange,OverRange,11.947038,13.922022,-4.755425
2026/05/19 20:38:00.274,n,-4.625892,5.353463,4.98424,0.517978,OverRange,OverRange,OverRange,11.985464,13.92419,-4.609268
2026/05/19 20:39:00.278,n,-4.494127,5.521457,5.180702,0.579546,OverRange,OverRange,OverRange,12.00771,13.93388,-4.56055
2026/05/19 20:40:00.278,n,-4.467825,4.292076,5.038166,0.703003,OverRange,OverRange,OverRange,12.013276,13.943558,-4.307399
2026/05/19 20:41:00.280,n,-4.523509,5.539787,4.957556,0.611874,OverRange,OverRange,OverRange,12.005184,13.944632,-4.219688
2026/05/19 20:42:00.282,n,-4.546987,5.570022,5.332527,0.428802,OverRange,OverRange,OverRange,11.9746,13.948948,-4.12609
2026/05/19 20:43:00.268,n,-4.48258,4.49872,4.80647,0.503809,OverRange,OverRange,OverRange,11.96954,13.953216,-4.35407
2026/05/19 20:44:00.269,n,-4.555969,4.230884,4.757074,0.610191,OverRange,OverRange,OverRange,12.01051,13.953216,-4.500142
2026/05/19 20:45:00.277,n,-4.544164,4.649146,5.218723,0.392126,OverRange,OverRange,OverRange,12.054718,13.955382,-4.476763
2026/05/19 20:46:00.276,n,-4.470905,5.520944,5.167367,0.51128,OverRange,OverRange,OverRange,12.056744,13.95861,-4.439819
2026/05/19 20:47:00.278,n,-4.397645,4.380878,4.941284,0.549944,OverRange,OverRange,OverRange,12.05599,13.960774,-4.595617
2026/05/19 20:48:00.278,n,-4.488225,5.539937,4.80776,0.553051,OverRange,OverRange,OverRange,12.052456,13.966182,-4.278048
2026/05/19 20:49:00.279,n,-4.465132,5.921147,5.455494,0.50546,OverRange,OverRange,OverRange,12.031978,13.973676,-4.276086
2026/05/19 20:50:00.281,n,-4.506059,4.549088,5.225857,0.695216,OverRange,OverRange,OverRange,12.017584,13.970434,-4.287861
2026/05/19 20:51:00.283,n,-4.426769,5.829992,5.27731,0.573953,OverRange,OverRange,OverRange,12.042858,13.979068,-4.285898
2026/05/19 20:52:00.271,n,-4.48258,4.20349,4.362139,0.172734,OverRange,OverRange,OverRange,12.038564,13.979068,-4.21764
2026/05/19 20:53:00.271,n,-4.626149,5.514557,4.926009,0.707163,OverRange,OverRange,OverRange,12.069626,13.979068,-4.280011
2026/05/19 20:54:00.274,n,-4.508881,5.454977,4.918824,0.55133,OverRange,OverRange,OverRange,12.076716,13.979068,-4.291614
2026/05/19 20:55:00.258,n,-4.461924,4.499868,5.154232,0.605562,OverRange,OverRange,OverRange,12.06535,13.979068,-4.276171
2026/05/19 20:56:00.277,n,-4.503108,4.11769,4.99884,0.873897,OverRange,OverRange,OverRange,12.062322,13.985518,-4.276256
2026/05/19 20:57:00.263,n,-4.508754,4.785304,4.908092,0.585622,OverRange,OverRange,OverRange,12.066102,13.980176,-4.289822
2026/05/19 20:58:00.268,n,-4.485403,4.5197,4.824567,0.531948,OverRange,OverRange,OverRange,12.070644,13.988728,-4.221651
2026/05/19 20:59:00.267,n,-4.426769,4.614888,4.774207,0.447401,OverRange,OverRange,OverRange,12.051952,13.985518,-4.180696
2026/05/19 21:00:00.270,n,-4.549938,5.414934,5.12542,0.542586,OverRange,OverRange,OverRange,12.100216,13.987684,-4.322928
2026/05/19 21:01:00.271,n,-4.435494,4.692658,5.350755,0.514105,OverRange,OverRange,OverRange,12.089336,13.986576,-4.317041
2026/05/19 21:02:00.256,n,-4.38289,5.431155,4.840905,0.632919,OverRange,OverRange,OverRange,12.079998,13.99091,-4.159365
2026/05/19 21:03:00.261,n,-4.303857,5.615839,5.534357,0.068621,OverRange,OverRange,OverRange,12.106282,13.994118,-4.161157
2026/05/19 21:04:00.261,n,-4.131164,5.559367,5.360104,0.493274,OverRange,OverRange,OverRange,12.161366,13.9963,-4.319088
2026/05/19 21:05:00.262,n,-4.178122,6.056134,5.476969,0.583118,OverRange,OverRange,OverRange,12.182582,14.009202,-4.375486
2026/05/19 21:06:00.265,n,-4.014025,4.636729,4.635958,0.362487,OverRange,OverRange,OverRange,12.173742,14.009202,-4.242981
2026/05/19 21:07:00.266,n,-4.286408,4.455733,4.73538,0.582689,OverRange,OverRange,OverRange,12.15354,14.023164,-4.379411
2026/05/19 21:08:00.269,n,-4.213277,4.510857,4.775141,0.548327,OverRange,OverRange,OverRange,12.152512,14.035022,-4.326767
2026/05/19 21:09:00.271,n,-4.350687,4.274385,4.725726,0.659814,OverRange,OverRange,OverRange,12.184368,14.041456,-4.32489
2026/05/19 21:10:00.257,n,-4.371472,4.645279,5.328644,0.619672,OverRange,OverRange,OverRange,12.162878,14.050106,-4.244943
2026/05/19 21:11:00.262,n,-4.341963,5.96147,5.21607,0.685762,OverRange,OverRange,OverRange,12.177032,14.062974,-4.15143
2026/05/19 21:12:00.260,n,-4.306679,4.309813,4.582052,0.429375,OverRange,OverRange,OverRange,12.169698,14.073692,-4.239141
2026/05/19 21:13:00.263,n,-4.406498,4.383967,5.030948,0.58923,OverRange,OverRange,OverRange,12.147472,14.084478,-4.268322
2026/05/19 21:14:00.264,n,-4.359411,4.487022,4.680196,0.392266,OverRange,OverRange,OverRange,12.117894,14.090928,-4.011331
2026/05/19 21:15:00.266,n,-4.473599,4.595449,4.833959,0.738887,OverRange,OverRange,OverRange,12.097428,14.09417,-4.048191
2026/05/19 21:16:00.268,n,-4.465131,5.701391,5.081795,0.618267,OverRange,OverRange,OverRange,12.056244,14.09741,-4.141789
2026/05/19 21:17:00.273,n,-4.473856,4.4116,4.965204,0.526588,OverRange,OverRange,OverRange,12.044612,14.098486,-4.33274
2026/05/19 21:18:00.274,n,-4.669899,4.305808,4.719272,0.668592,OverRange,OverRange,OverRange,12.036526,14.096336,-4.318918
2026/05/19 21:19:00.260,n,-4.599848,4.313216,4.831704,0.585612,OverRange,OverRange,OverRange,12.041332,14.101712,-4.398864
2026/05/19 21:20:00.259,n,-4.538263,4.673243,4.675308,0.649425,OverRange,OverRange,OverRange,12.04739,14.09741,-4.326767
2026/05/19 21:21:00.261,n,-4.58227,4.379351,4.713344,0.599772,OverRange,OverRange,OverRange,12.038798,14.095244,-4.562427
2026/05/19 21:22:00.264,n,-4.517478,4.499868,4.9539,0.449633,OverRange,OverRange,OverRange,12.022624,14.09417,-4.525653
2026/05/19 21:23:00.266,n,-4.669771,4.436736,4.957011,0.724476,OverRange,OverRange,OverRange,12.026164,14.093094,-4.102797
2026/05/19 21:24:00.270,n,-4.582013,5.36462,5.210077,0.415288,OverRange,OverRange,OverRange,12.003926,14.089852,-4.217811
2026/05/19 21:25:00.270,n,-4.517607,5.028003,5.078337,0.464857,OverRange,OverRange,OverRange,12.00114,14.090928,-4.256633
2026/05/19 21:26:00.271,n,-4.488482,5.163821,5.407877,0.582618,OverRange,OverRange,OverRange,12.02795,14.084478,-4.46516
2026/05/19 21:27:00.275,n,-4.447426,4.552901,5.257798,0.62928,OverRange,OverRange,OverRange,12.0489,14.082342,-4.293662
2026/05/19 21:28:00.259,n,-4.441524,4.339143,4.997588,0.67431,OverRange,OverRange,OverRange,12.037288,14.08345,-4.352108
2026/05/19 21:29:00.260,n,-4.53249,5.892703,5.173909,0.568718,OverRange,OverRange,OverRange,12.034764,14.08552,-4.418403
2026/05/19 21:30:00.263,n,-4.461924,4.576833,4.96319,0.504372,OverRange,OverRange,OverRange,12.029446,14.076984,-4.32489
2026/05/19 21:31:00.264,n,-4.400468,5.51336,5.024828,0.578893,OverRange,OverRange,OverRange,12.026918,14.072652,-4.250745
2026/05/19 21:32:00.268,n,-4.415222,5.032935,5.052482,0.56266,OverRange,OverRange,OverRange,12.015798,14.078026,-4.237179
2026/05/19 21:33:00.269,n,-4.432671,4.392428,4.974283,0.557297,OverRange,OverRange,OverRange,12.033234,14.06941,-4.566437
2026/05/19 21:34:00.270,n,-4.6087,4.470258,4.973191,0.667377,OverRange,OverRange,OverRange,12.0014,14.067292,-4.342381
2026/05/19 21:35:00.272,n,-4.634745,5.622645,5.127427,0.706206,OverRange,OverRange,OverRange,12.001654,14.062974,-4.435808
2026/05/19 21:36:00.274,n,-4.57021,5.559699,5.273238,0.647173,OverRange,OverRange,OverRange,12.007706,14.060824,-4.457481
2026/05/19 21:37:00.261,n,-4.555455,5.677117,4.873536,0.797017,OverRange,OverRange,OverRange,11.980404,14.056508,-4.361835
2026/05/19 21:38:00.262,n,-4.635002,4.323679,4.9428,0.602931,OverRange,OverRange,OverRange,11.987474,14.055432,-4.332655
2026/05/19 21:39:00.269,n,-4.415222,4.333695,4.873035,0.642927,OverRange,OverRange,OverRange,12.043076,14.050106,-4.736057
2026/05/19 21:40:00.365,n,-4.336445,4.270429,4.87087,0.728052,OverRange,OverRange,OverRange,12.050182,14.04903,-4.819587
2026/05/19 21:41:00.418,n,-4.221873,5.041114,5.192974,0.746086,OverRange,OverRange,OverRange,12.040828,14.056508,-4.642374
2026/05/19 21:42:00.432,n,-4.192619,5.614634,5.018056,0.7335,OverRange,OverRange,OverRange,12.04361,14.054358,-4.373609
2026/05/19 21:43:00.272,n,-4.383019,4.548334,4.859895,0.7368,OverRange,OverRange,OverRange,12.037548,14.061932,-4.507906
2026/05/19 21:44:00.274,n,-4.31271,4.056219,4.87232,0.683748,OverRange,OverRange,OverRange,12.027182,14.066216,-4.498179
2026/05/19 21:45:00.276,n,-4.403675,4.448922,4.843333,0.562844,OverRange,OverRange,OverRange,12.024394,14.071592,-4.595702
2026/05/19 21:46:00.262,n,-4.497206,5.118127,5.235539,0.614623,OverRange,OverRange,OverRange,12.008214,14.080194,-4.437686
2026/05/19 21:47:00.263,n,-4.471033,4.457055,4.983424,0.715379,OverRange,OverRange,OverRange,12.010738,14.078026,-4.628722
2026/05/19 21:48:00.266,n,-4.456022,4.539209,5.047501,0.78126,OverRange,OverRange,OverRange,12.061804,14.090928,-4.693055
2026/05/19 21:49:00.268,n,-4.31271,5.202303,4.913346,0.579904,OverRange,OverRange,OverRange,12.059526,14.093094,-4.656025
2026/05/19 21:50:00.270,n,-4.383018,5.571739,4.877837,0.562028,OverRange,OverRange,OverRange,12.05271,14.102754,-4.515841
2026/05/19 21:51:00.271,n,-4.359411,4.042053,5.009592,0.772488,OverRange,OverRange,OverRange,12.041836,14.10492,-4.428045
2026/05/19 21:52:00.274,n,-4.38597,4.222658,5.169566,0.747975,OverRange,OverRange,OverRange,12.060284,14.108146,-4.402789
2026/05/19 21:53:00.278,n,-4.435622,4.442037,5.024926,0.576293,OverRange,OverRange,OverRange,12.023396,14.112432,-4.277963
2026/05/19 21:54:00.278,n,-4.467954,6.171557,5.081351,0.788134,OverRange,OverRange,OverRange,12.025402,14.113538,-4.330692
2026/05/19 21:55:00.263,n,-4.488354,5.526323,5.278514,0.496057,OverRange,OverRange,OverRange,12.025158,14.109222,-4.395025
2026/05/19 21:56:00.269,n,-4.426897,4.287722,4.626446,0.581415,OverRange,OverRange,OverRange,12.073944,14.110312,-4.718481
2026/05/19 21:57:00.267,n,-4.415479,4.478086,4.764346,0.591794,OverRange,OverRange,OverRange,12.064088,14.109222,-4.334532
2026/05/19 21:58:00.269,n,-4.467953,4.455238,4.813597,0.595287,OverRange,OverRange,OverRange,12.027944,14.121046,-4.291785
2026/05/19 21:59:00.273,n,-4.57316,4.337316,4.981198,0.719885,OverRange,OverRange,OverRange,12.034756,14.107072,-4.488538
2026/05/19 22:00:00.273,n,-4.517478,5.435045,5.060185,0.569619,OverRange,OverRange,OverRange,12.084538,14.107072,-4.404752
2026/05/19 22:01:00.281,n,-4.377117,4.308779,4.805759,0.587378,OverRange,OverRange,OverRange,12.06282,14.101712,-4.383336
2026/05/19 22:02:00.278,n,-4.412528,4.479385,4.941547,0.534717,OverRange,OverRange,OverRange,12.036282,14.10492,-4.373524
2026/05/19 22:03:00.279,n,-4.418173,4.687946,5.273093,0.586835,OverRange,OverRange,OverRange,12.024914,14.09417,-4.488367
2026/05/19 22:04:00.267,n,-4.605364,4.529749,5.093827,0.569105,OverRange,OverRange,OverRange,11.998098,14.095244,-4.546898
2026/05/19 22:05:00.267,n,-4.444474,4.505053,4.986496,0.584485,OverRange,OverRange,OverRange,11.996846,14.096336,-4.432054
2026/05/19 22:06:00.269,n,-4.570466,5.543518,4.997443,0.568692,OverRange,OverRange,OverRange,11.995072,14.08552,-4.459187
2026/05/19 22:07:00.271,n,-4.547116,5.591446,5.225577,0.61236,OverRange,OverRange,OverRange,11.978898,14.084478,-4.431969
2026/05/19 22:08:00.273,n,-4.52338,5.591203,5.060145,0.585878,OverRange,OverRange,OverRange,11.95311,14.079118,-4.398949
2026/05/19 22:09:00.277,n,-4.652451,4.130293,4.866864,0.774033,OverRange,OverRange,OverRange,11.944764,14.072652,-4.500227
2026/05/19 22:10:00.278,n,-4.745854,4.613535,5.083264,0.814872,OverRange,OverRange,OverRange,11.938188,14.071592,-4.492292
2026/05/19 22:11:00.280,n,-4.424075,4.486296,5.150225,0.649564,OverRange,OverRange,OverRange,11.937674,14.068366,-4.463197
2026/05/19 22:12:00.281,n,-4.523508,4.341702,5.033801,0.716279,OverRange,OverRange,OverRange,11.936158,14.061932,-4.307399
2026/05/19 22:13:00.265,n,-4.520558,4.539966,4.736924,0.580532,OverRange,OverRange,OverRange,11.915436,14.055432,-4.27037
2026/05/19 22:14:00.268,n,-4.517735,4.883872,5.124819,0.72947,OverRange,OverRange,OverRange,11.914398,14.050106,-4.268407
2026/05/19 22:15:00.269,n,-4.450505,5.434313,5.199816,0.506483,OverRange,OverRange,OverRange,11.870164,14.047922,-4.159195
2026/05/19 22:16:00.272,n,-4.207503,4.322679,5.094424,0.575917,OverRange,OverRange,OverRange,11.8593,14.03929,-4.324976
2026/05/19 22:17:00.274,n,-4.418429,5.520063,4.908029,0.63748,OverRange,OverRange,OverRange,11.8947,14.03929,-4.29187
2026/05/19 22:18:00.276,n,-4.101783,4.555479,4.93733,0.54748,OverRange,OverRange,OverRange,11.836766,14.03714,-4.098872
2026/05/19 22:19:00.279,n,-4.400596,5.5146,5.251241,0.64582,OverRange,OverRange,OverRange,11.821112,14.03929,-4.067814
2026/05/19 22:20:00.284,n,-4.23945,5.606576,5.679827,0.200995,OverRange,OverRange,OverRange,11.818324,14.033962,-4.332655
2026/05/19 22:21:00.282,n,-4.23945,5.761591,5.534456,0.509798,OverRange,OverRange,OverRange,11.826666,14.036064,-4.178733
2026/05/19 22:22:00.268,n,-4.479501,4.591313,5.050555,0.522694,OverRange,OverRange,OverRange,11.799088,14.038248,-4.264482
2026/05/19 22:23:00.270,n,-4.573289,5.453542,5.139423,0.562316,OverRange,OverRange,OverRange,11.78772,14.044714,-4.016963
2026/05/19 22:24:00.273,n,-4.444475,5.620588,4.820967,0.592752,OverRange,OverRange,OverRange,11.7877,14.040364,-4.18061
2026/05/19 22:25:00.274,n,-4.500157,5.496014,5.23686,0.726163,OverRange,OverRange,OverRange,11.799606,14.03929,-4.439734
2026/05/19 22:26:00.276,n,-4.359668,5.733635,5.351078,0.562877,OverRange,OverRange,OverRange,11.772278,14.03714,-4.788531
2026/05/19 22:27:00.278,n,-4.514784,4.130734,4.633899,0.62638,OverRange,OverRange,OverRange,11.797338,14.033962,-4.350231
2026/05/19 22:28:00.279,n,-4.605493,4.766551,5.260698,0.272201,OverRange,OverRange,OverRange,11.814778,14.03714,-4.291785
2026/05/19 22:29:00.281,n,-4.435622,4.624601,4.827566,0.555476,OverRange,OverRange,OverRange,11.794796,14.028556,-4.252793
2026/05/19 22:30:00.283,n,-4.520686,4.731356,4.870814,0.516908,OverRange,OverRange,OverRange,11.793524,14.030704,-4.428045
2026/05/19 22:31:00.268,n,-4.579319,4.536684,4.97303,0.566115,OverRange,OverRange,OverRange,11.776852,14.023164,-4.48248
2026/05/19 22:32:00.270,n,-4.567644,4.476981,5.075569,0.575822,OverRange,OverRange,OverRange,11.756842,14.016728,-4.303389
2026/05/19 22:33:00.273,n,-4.596512,4.500722,4.97963,0.648346,OverRange,OverRange,OverRange,11.751526,14.009202,-4.379496
2026/05/19 22:34:00.258,n,-4.514655,5.514087,5.130939,0.712357,OverRange,OverRange,OverRange,11.740154,14.005946,-4.279926
2026/05/19 22:35:00.276,n,-4.500157,5.617797,5.025556,0.68151,OverRange,OverRange,OverRange,11.708782,14.001694,-4.096995
2026/05/19 22:36:00.280,n,-4.520686,4.588381,5.003648,0.820776,OverRange,OverRange,OverRange,11.697134,13.995226,-4.022936
2026/05/19 22:37:00.265,n,-4.465003,4.386424,5.12918,0.594248,OverRange,OverRange,OverRange,11.674862,13.986576,-4.194433
2026/05/19 22:38:00.266,n,-4.494127,5.796446,5.073155,0.66165,OverRange,OverRange,OverRange,11.659184,13.979068,-4.069521
2026/05/19 22:39:00.270,n,-4.497206,5.507525,5.051201,0.730231,OverRange,OverRange,OverRange,11.663488,13.970434,-4.1301
2026/05/19 22:40:00.270,n,-4.60267,5.266304,5.041421,0.59997,OverRange,OverRange,OverRange,11.637166,13.966182,-4.344343
2026/05/19 22:41:00.272,n,-4.544037,4.644238,5.246323,0.571053,OverRange,OverRange,OverRange,11.662724,13.951132,-4.48649
2026/05/19 22:42:00.258,n,-4.532361,4.47797,4.834389,0.605002,OverRange,OverRange,OverRange,11.638688,13.950024,-4.056126
2026/05/19 22:43:00.259,n,-4.532361,4.673729,5.134337,0.704383,OverRange,OverRange,OverRange,11.628296,13.939274,-4.391186
2026/05/19 22:44:00.263,n,-4.462052,4.324511,5.114862,0.694054,OverRange,OverRange,OverRange,11.649822,13.930656,-4.278134
2026/05/19 22:45:00.264,n,-4.465003,5.571198,5.213171,0.67168,OverRange,OverRange,OverRange,11.678666,13.930656,-4.513793
2026/05/19 22:46:00.269,n,-4.444474,5.458822,5.29128,0.395057,OverRange,OverRange,OverRange,11.691072,13.920948,-4.26252
2026/05/19 22:47:00.268,n,-4.42972,4.624438,4.737155,0.703947,OverRange,OverRange,OverRange,11.695384,13.915622,-4.157318
2026/05/19 22:48:00.270,n,-4.415351,4.436173,5.051541,0.753829,OverRange,OverRange,OverRange,11.738896,13.906972,-4.190337
2026/05/19 22:49:00.274,n,-4.514784,4.276164,4.712388,0.70825,OverRange,OverRange,OverRange,11.736614,13.900506,-4.299464
2026/05/19 22:50:00.257,n,-4.210197,4.744259,5.269427,0.78369,OverRange,OverRange,OverRange,11.724224,13.897296,-4.301512
2026/05/19 22:51:00.260,n,-4.210197,5.690464,5.642198,0.618965,OverRange,OverRange,OverRange,11.71282,13.892996,-4.285898
2026/05/19 22:52:00.262,n,-4.186846,6.282263,5.675557,0.467694,OverRange,OverRange,OverRange,11.67032,13.887586,-4.22933
2026/05/19 22:53:00.266,n,-4.438445,6.097382,5.276884,0.737527,OverRange,OverRange,OverRange,11.68652,13.880046,-4.246991
2026/05/19 22:54:00.266,n,-4.511704,5.45281,5.541012,0.083762,OverRange,OverRange,OverRange,11.665258,13.876852,-4.29554
2026/05/19 22:55:00.269,n,-4.464875,5.459218,5.515677,0.079825,OverRange,OverRange,OverRange,11.676402,13.877928,-4.3911
2026/05/19 22:56:00.270,n,-4.224952,4.656842,5.5774,0.801345,OverRange,OverRange,OverRange,11.649816,13.881138,-4.474886
2026/05/19 22:57:00.271,n,-4.362362,4.166519,5.093287,0.762348,OverRange,OverRange,OverRange,11.680696,13.880046,-4.467037
2026/05/19 22:58:00.258,n,-4.728533,4.455461,4.388329,0.570555,OverRange,OverRange,OverRange,11.719168,13.876852,-4.734095
2026/05/19 22:59:00.258,n,-4.506188,5.550632,5.232165,0.697068,OverRange,OverRange,OverRange,11.733068,13.879004,-4.613279
2026/05/19 23:00:00.264,n,-4.599462,5.406017,5.353832,0.531394,OverRange,OverRange,OverRange,11.714346,13.884362,-4.539134
2026/05/19 23:01:00.262,n,-4.588172,5.611311,5.521059,0.075543,OverRange,OverRange,OverRange,11.71814,13.886512,-4.494254
2026/05/19 23:02:00.267,n,-4.532361,4.608523,5.016009,0.539493,OverRange,OverRange,OverRange,11.756108,13.885438,-4.546983
2026/05/19 23:03:00.268,n,-4.602542,4.86609,5.158296,0.588593,OverRange,OverRange,OverRange,11.757604,13.886512,-4.669762
2026/05/19 23:04:00.269,n,-4.418173,5.95334,5.525576,0.634481,OverRange,OverRange,OverRange,11.76824,13.885438,-4.73017
2026/05/19 23:05:00.272,n,-4.476807,5.600002,4.952541,0.54683,OverRange,OverRange,OverRange,11.753306,13.885438,-4.737934
2026/05/19 23:06:00.276,n,-4.614474,4.340738,4.696234,0.739118,OverRange,OverRange,OverRange,11.751786,13.88868,-4.940404
2026/05/19 23:07:00.258,n,-4.582142,4.770755,4.922551,0.800175,OverRange,OverRange,OverRange,11.789486,13.885438,-5.012757
2026/05/19 23:08:00.260,n,-4.643598,4.705994,5.058892,0.541576,OverRange,OverRange,OverRange,11.771272,13.884362,-4.901582
2026/05/19 23:09:00.264,n,-4.623198,4.745709,4.800169,0.370999,OverRange,OverRange,OverRange,11.77734,13.885438,-4.967791
2026/05/19 23:10:00.264,n,-4.778314,5.580897,5.229779,0.464772,OverRange,OverRange,OverRange,11.79884,13.883256,-5.287664
2026/05/19 23:11:00.268,n,-4.538135,4.399024,4.924054,0.600529,OverRange,OverRange,OverRange,11.802914,13.883256,-5.143129
2026/05/19 23:12:00.269,n,-4.55584,4.510628,4.770052,0.665566,OverRange,OverRange,OverRange,11.820842,13.879004,-5.117873
2026/05/19 23:13:00.272,n,-4.775491,4.522644,4.435902,0.577939,OverRange,OverRange,OverRange,11.831468,13.876852,-5.137412
2026/05/19 23:14:00.273,n,-4.690556,4.704472,4.967318,0.476447,OverRange,OverRange,OverRange,11.837544,13.875746,-5.260191
2026/05/19 23:15:00.274,n,-4.652323,4.367347,5.25891,0.656417,OverRange,OverRange,OverRange,11.8555,13.87361,-5.312835
2026/05/19 23:16:00.261,n,-4.529538,4.12738,5.25631,0.746192,OverRange,OverRange,OverRange,11.869908,13.866038,-5.252512
2026/05/19 23:17:00.263,n,-4.596896,4.424647,4.954679,0.718576,OverRange,OverRange,OverRange,11.870678,13.867144,-5.299268
2026/05/19 23:18:00.264,n,-4.62307,4.272675,5.056276,0.692308,OverRange,OverRange,OverRange,11.877752,13.861786,-5.186131
2026/05/19 23:19:00.269,n,-4.640647,4.098065,4.891754,0.620941,OverRange,OverRange,OverRange,11.876232,13.85853,-5.188179
2026/05/19 23:20:00.268,n,-4.669899,4.497209,4.976655,0.632294,OverRange,OverRange,OverRange,11.873942,13.857454,-5.143129
2026/05/19 23:21:00.269,n,-4.596768,5.534517,5.166599,0.65846,OverRange,OverRange,OverRange,11.842098,13.864962,-4.874279
2026/05/19 23:22:00.546,n,-4.658353,4.605891,4.990455,0.72597,OverRange,OverRange,OverRange,11.844356,13.85853,-5.080758
2026/05/19 23:23:00.273,n,-4.875053,5.575446,4.98144,0.833016,OverRange,OverRange,OverRange,11.848924,13.856362,-5.002945
2026/05/19 23:24:00.276,n,-4.754835,4.788415,4.812688,0.519546,OverRange,OverRange,OverRange,11.848176,13.847778,-5.096458
2026/05/19 23:25:00.263,n,-4.737386,4.30337,5.108083,0.642967,OverRange,OverRange,OverRange,11.857274,13.848822,-5.096457
2026/05/19 23:26:00.262,n,-4.710955,4.054516,4.981397,0.718126,OverRange,OverRange,OverRange,11.846904,13.842386,-5.055673
2026/05/19 23:27:00.265,n,-4.749061,4.047442,4.534714,0.546691,OverRange,OverRange,OverRange,11.806448,13.839162,-5.069239
2026/05/19 23:28:00.269,n,-4.725711,4.823856,5.370579,0.283681,OverRange,OverRange,OverRange,11.829956,13.834844,-5.051578
2026/05/19 23:29:00.271,n,-4.707876,4.630174,5.094283,0.766756,OverRange,OverRange,OverRange,11.787212,13.831636,-5.108146
2026/05/19 23:30:00.469,n,-4.725711,5.664662,5.17078,0.660563,OverRange,OverRange,OverRange,11.792766,13.827304,-5.133487
2026/05/19 23:31:00.487,n,-4.675801,4.805483,5.214653,0.480246,OverRange,OverRange,OverRange,11.770524,13.831636,-5.143299
2026/05/19 23:32:00.274,n,-4.696329,5.464615,5.05892,0.817478,OverRange,OverRange,OverRange,11.74824,13.833736,-5.151064
2026/05/19 23:33:00.278,n,-4.752141,5.502468,5.186625,0.780842,OverRange,OverRange,OverRange,11.73992,13.824094,-5.207632
2026/05/19 23:34:00.263,n,-4.714035,4.711955,4.855994,0.659423,OverRange,OverRange,OverRange,11.730032,13.829486,-5.217359
2026/05/19 23:35:00.265,n,-4.8458,6.146516,5.045967,0.857626,OverRange,OverRange,OverRange,11.735332,13.830528,-5.131611
2026/05/19 23:36:00.267,n,-4.942283,5.587395,4.8158,0.663012,OverRange,OverRange,OverRange,11.702438,13.834844,-5.191933
2026/05/19 23:37:00.271,n,-4.775363,5.590569,5.205732,0.834125,OverRange,OverRange,OverRange,11.712814,13.840236,-5.108232
2026/05/19 23:38:00.273,n,-4.784087,4.380746,5.086153,0.614618,OverRange,OverRange,OverRange,11.679668,13.83592,-5.129648
2026/05/19 23:39:00.272,n,-4.828223,5.604199,5.13642,0.711909,OverRange,OverRange,OverRange,11.701448,13.83807,-5.147138
2026/05/19 23:40:00.274,n,-4.907128,4.413913,4.839543,0.596869,OverRange,OverRange,OverRange,11.669048,13.829486,-5.170518
2026/05/19 23:41:00.278,n,-4.997965,5.975481,5.31651,0.719679,OverRange,OverRange,OverRange,11.678416,13.825168,-5.155074
2026/05/19 23:42:00.279,n,-4.608443,4.632358,5.793587,0.602893,OverRange,OverRange,OverRange,11.659688,13.824094,-5.27973
2026/05/19 23:43:00.265,n,-4.89263,4.492642,5.068392,0.572158,OverRange,OverRange,OverRange,11.66273,13.812236,-5.197735
2026/05/19 23:44:00.268,n,-4.907128,4.360987,5.234831,0.565951,OverRange,OverRange,OverRange,11.65057,13.810118,-5.24671
2026/05/19 23:45:00.267,n,-4.901355,4.902177,5.497542,0.363117,OverRange,OverRange,OverRange,11.647802,13.796062,-5.221113
2026/05/19 23:46:00.271,n,-4.848495,4.298827,4.609444,0.217143,OverRange,OverRange,OverRange,11.64324,13.788552,-5.221113
2026/05/19 23:47:00.271,n,-4.971535,5.411424,5.014319,0.839093,OverRange,OverRange,OverRange,11.631602,13.776726,-5.248417
2026/05/19 23:48:00.273,n,-4.883777,5.627067,5.22818,0.555323,OverRange,OverRange,OverRange,11.593114,13.772378,-5.279644
2026/05/19 23:49:00.276,n,-4.848494,6.148841,5.306618,0.683263,OverRange,OverRange,OverRange,11.549586,13.761612,-5.293296
2026/05/19 23:50:00.277,n,-4.948056,5.506853,4.972752,0.739801,OverRange,OverRange,OverRange,11.53009,13.753012,-5.215397
2026/05/19 23:51:00.280,n,-4.866457,5.716595,4.862514,0.728666,OverRange,OverRange,OverRange,11.504522,13.736854,-5.209424
2026/05/19 23:52:00.265,n,-4.971535,5.638514,5.085646,0.885058,OverRange,OverRange,OverRange,11.481216,13.724964,-5.293296
2026/05/19 23:53:00.267,n,-4.921755,4.840362,5.154434,0.660337,OverRange,OverRange,OverRange,11.45337,13.71314,-5.306947
2026/05/19 23:54:00.270,n,-4.957037,3.91849,4.914528,0.815999,OverRange,OverRange,OverRange,11.426534,13.702388,-5.301145
2026/05/19 23:55:00.271,n,-4.98026,4.383171,5.125876,0.922628,OverRange,OverRange,OverRange,11.417146,13.69268,-5.318722
2026/05/19 23:56:00.273,n,-4.997837,5.554775,5.021211,0.613677,OverRange,OverRange,OverRange,11.413096,13.677598,-5.176404
2026/05/19 23:57:00.274,n,-4.857219,4.441838,5.178618,0.698481,OverRange,OverRange,OverRange,11.380666,13.666848,-5.427849
2026/05/19 23:58:00.282,n,-5.009512,4.38285,5.160905,0.834915,OverRange,OverRange,OverRange,11.350514,13.651716,-5.312749
2026/05/19 23:59:00.278,n,-4.992063,6.203478,5.078398,0.832235,OverRange,OverRange,OverRange,11.338618,13.642024,-5.412234
